{
  "feature_cols": [
    "elo_diff",
    "log_value_ratio",
    "weighted_xgd",
    "effective_home"
  ],
  "model_version": "team_goals_v6",
  "goals_coef": [
    0.36825853531502206,
    0.24976430108015005,
    0.03860794063390036,
    0.17880923622142564
  ],
  "scaler_mean": [
    0.0,
    -3.091355517439226e-18,
    0.03629591856974429,
    0.34205472875660103
  ],
  "scaler_scale": [
    276.9408142443708,
    2.1556058379865957,
    0.9243126901822071,
    0.4743978196533466
  ]
}