{
  "feature_cols": [
    "elo_diff",
    "log_value_ratio",
    "weighted_xgd",
    "effective_home"
  ],
  "model_version": "team_goals_v6",
  "goals_coef": [
    0.3660910828970193,
    0.24912416441603447,
    0.04018548654534279,
    0.1765817250643415
  ],
  "scaler_mean": [
    0.0,
    -9.347060076357727e-19,
    0.03514295928859713,
    0.34588400374181477
  ],
  "scaler_scale": [
    274.9982455935193,
    2.141410993102569,
    0.9130211098378289,
    0.4756556103919589
  ]
}