{
  "feature_cols": [
    "elo_diff",
    "log_value_ratio",
    "weighted_xg",
    "weighted_xga",
    "effective_home"
  ],
  "model_version": "team_goals_v5",
  "goals_coef": [
    0.3655152922691877,
    0.2534205564341268,
    0.06784177587814112,
    0.022368588384090695,
    0.17733055600552033
  ],
  "scaler_mean": [
    0.0,
    -6.273712349042257e-18,
    1.2138932510335205,
    1.1751479332778805,
    0.3372855701311806
  ],
  "scaler_scale": [
    279.6286206549763,
    2.172845978857184,
    0.5914999815514662,
    0.6056289408304159,
    0.4727832635705976
  ]
}