{
  "feature_cols": [
    "elo_diff",
    "log_value_ratio",
    "weighted_xgd",
    "effective_home"
  ],
  "model_version": "team_goals_v6",
  "goals_coef": [
    0.36645846431615275,
    0.2522232160196149,
    0.030803832935840367,
    0.1718769357063593
  ],
  "scaler_mean": [
    0.0,
    4.2681572633712484e-18,
    0.03713532276303396,
    0.3493894165535957
  ],
  "scaler_scale": [
    272.0768657852453,
    2.118917198813283,
    0.9040496937494915,
    0.47677715145960353
  ]
}