{
  "feature_cols": [
    "elo_diff",
    "log_value_ratio",
    "weighted_xg",
    "weighted_xga",
    "effective_home"
  ],
  "model_version": "team_goals_v5",
  "goals_coef": [
    0.3675282943801219,
    0.250993331734957,
    0.0702772463990469,
    0.027836524601452545,
    0.18165817817006039
  ],
  "scaler_mean": [
    0.0,
    0.0,
    1.2132279403674424,
    1.177378300373372,
    0.33893280632411066
  ],
  "scaler_scale": [
    278.50773738373715,
    2.165870802227256,
    0.5850430800034747,
    0.6046672652034593,
    0.47334697540110426
  ]
}