{
  "feature_cols": [
    "elo_diff",
    "log_value_ratio",
    "weighted_xg",
    "weighted_xga",
    "effective_home"
  ],
  "model_version": "team_goals_v5",
  "goals_coef": [
    0.3465831241269746,
    0.2905570641993838,
    0.05884693791746372,
    0.003439017081670325,
    0.20103976466591333
  ],
  "scaler_mean": [
    0.0,
    -3.9462903718903667e-19,
    1.2045700769874155,
    1.1669928771749951,
    0.3453791469194313
  ],
  "scaler_scale": [
    294.06949298790096,
    2.230793485377173,
    0.6266876822460772,
    0.6388805614885233,
    0.47549173682897705
  ]
}