{
  "feature_cols": [
    "elo_diff",
    "log_value_ratio",
    "weighted_xg",
    "weighted_xga",
    "effective_home"
  ],
  "model_version": "team_goals_v5",
  "goals_coef": [
    0.34014659567160466,
    0.2934263392834188,
    0.07415024153432263,
    0.033479027744707665,
    0.19657739634278282
  ],
  "scaler_mean": [
    0.0,
    -8.7190289892028e-19,
    1.1900745878912182,
    1.1483039066127283,
    0.3458769633507853
  ],
  "scaler_scale": [
    293.3483479964585,
    2.2369392951500324,
    0.6415751432477819,
    0.6500549016979301,
    0.47565332919472436
  ]
}