{
  "feature_cols": [
    "elo_diff",
    "log_value_ratio",
    "weighted_xg_diff",
    "weighted_xga_diff",
    "home_adv"
  ],
  "model_version": "ridge_dc_v4",
  "home_goals_coef": [
    0.354471033148783,
    0.3000868229256282,
    0.022398446311658344,
    -0.11820234008042166,
    0.0363036079249965
  ],
  "away_goals_coef": [
    -0.26382400292083336,
    -0.20366018942879857,
    -0.04353682756254791,
    -0.01664447490846794,
    0.1125262666345294
  ],
  "scaler_home_mean": [
    61.494449188727586,
    0.5540954908565917,
    0.09199425551231993,
    -0.08299165342443132,
    0.6609735269000854
  ],
  "scaler_home_scale": [
    300.4885982964503,
    2.2272497508658917,
    0.9014889326915998,
    0.9261729329186625,
    0.47337883733575115
  ],
  "scaler_away_mean": [
    61.494449188727586,
    0.5540954908565917,
    0.09199425551231993,
    -0.08299165342443132,
    0.6609735269000854
  ],
  "scaler_away_scale": [
    300.4885982964503,
    2.2272497508658917,
    0.9014889326915998,
    0.9261729329186625,
    0.47337883733575115
  ]
}