{
  "feature_cols": [
    "elo_diff",
    "log_value_ratio",
    "weighted_xg_diff",
    "weighted_xga_diff",
    "home_adv"
  ],
  "model_version": "ridge_dc_v4",
  "home_goals_coef": [
    0.35823251005709406,
    0.2968741575219413,
    0.02566876493547798,
    -0.11721442357074938,
    0.03565894839692761
  ],
  "away_goals_coef": [
    -0.28442520080205635,
    -0.208821650729641,
    -0.0338053858776699,
    -0.026646734580695466,
    0.11296554254089156
  ],
  "scaler_home_mean": [
    61.156089193825046,
    0.5502482385097435,
    0.09126072805088145,
    -0.08206658314360397,
    0.660377358490566
  ],
  "scaler_home_scale": [
    300.7296067747247,
    2.229725473724338,
    0.9023383856816393,
    0.9252032981638717,
    0.47358114709475974
  ],
  "scaler_away_mean": [
    61.156089193825046,
    0.5502482385097435,
    0.09126072805088145,
    -0.08206658314360397,
    0.660377358490566
  ],
  "scaler_away_scale": [
    300.7296067747247,
    2.229725473724338,
    0.9023383856816393,
    0.9252032981638717,
    0.47358114709475974
  ]
}