{
  "feature_cols": [
    "elo_diff",
    "log_value_ratio",
    "weighted_xg",
    "weighted_xga",
    "effective_home"
  ],
  "model_version": "team_goals_v5",
  "goals_coef": [
    0.35006797764677816,
    0.27609139795541415,
    0.07416781696817096,
    0.02258551440267058,
    0.186749609771993
  ],
  "scaler_mean": [
    0.0,
    -5.438792239910245e-18,
    1.1993834158207783,
    1.1647212839989893,
    0.33812566560170393
  ],
  "scaler_scale": [
    286.0690103816656,
    2.1990707038913135,
    0.6077654736223953,
    0.618192638274483,
    0.4730715589243435
  ]
}