{
  "feature_cols": [
    "elo_diff",
    "log_value_ratio",
    "weighted_xg_diff",
    "weighted_xga_diff",
    "home_adv"
  ],
  "model_version": "ridge_dc_v4",
  "home_goals_coef": [
    0.3564272488435783,
    0.3047098709401896,
    0.012310008496264666,
    -0.11657012990395615,
    0.031181416713534568
  ],
  "away_goals_coef": [
    -0.2787106992561747,
    -0.21754075936755563,
    -0.02545720418885532,
    -0.028695079250754204,
    0.11545768704536066
  ],
  "scaler_home_mean": [
    58.640689089417556,
    0.5247160303410254,
    0.09042739746569016,
    -0.08224089213010316,
    0.6735028712059065
  ],
  "scaler_home_scale": [
    298.34582592566835,
    2.215352848251377,
    0.8920839801798196,
    0.9131698547270872,
    0.46893150212297174
  ],
  "scaler_away_mean": [
    58.640689089417556,
    0.5247160303410254,
    0.09042739746569016,
    -0.08224089213010316,
    0.6735028712059065
  ],
  "scaler_away_scale": [
    298.34582592566835,
    2.215352848251377,
    0.8920839801798196,
    0.9131698547270872,
    0.46893150212297174
  ]
}