{
  "feature_cols": [
    "elo_diff",
    "log_value_ratio",
    "weighted_xg",
    "weighted_xga",
    "effective_home"
  ],
  "model_version": "team_goals_v5",
  "goals_coef": [
    0.348643769351874,
    0.2891779951183386,
    0.058068606613267654,
    0.0024636828573172316,
    0.20367815470727527
  ],
  "scaler_mean": [
    0.0,
    -4.496436311763588e-18,
    1.2041251788253429,
    1.1653371432600255,
    0.34574151280524124
  ],
  "scaler_scale": [
    294.6869448643698,
    2.2355556332071425,
    0.6287285874483379,
    0.6408191056786758,
    0.4756094186708086
  ]
}